Anchor_1,Anchor_2,Anchor_3,Node_1,Node_2,Node_3,Node_4,Node_5,Node_6,Node_7,Node_8,Node_9,Node_10,Node_11,Node_12,Node_13,Node_14,Node_15,Node_16,Node_17,Node_18,Node_19,Node_20,Node_21,Node_22,Node_23,Node_24,Node_25,Node_26,Node_27,Node_28,Node_29,Node_30,Node_31,Node_32,Node_33,Node_34,Node_35,Node_36,Node_37,Node_38,Node_39,Node_40,Node_41,Node_42,Node_43,Node_44,Node_45,Node_46,Node_47,Node_48,Node_49,Node_50
"(53, 56)","(81, 50)","(67, 46)","(47, 56)","(64, 83)","(100, 92)","(89, 74)","(22, 78)","(50, 67)","(75, 60)","(63, 46)","(27, 86)","(15, 66)","(67, 98)","(19, 92)","(23, 46)","(8, 94)","(46, 72)","(65, 85)","(17, 100)","(83, 100)","(59, 51)","(40, 80)","(95, 83)","(80, 97)","(96, 83)","(95, 34)","(1, 45)","(57, 47)","(85, 69)","(91, 86)","(10, 100)","(68, 59)","(85, 54)","(53, 99)","(97, 52)","(61, 93)","(47, 89)","(23, 51)","(81, 79)","(91, 72)","(0, 77)","(85, 80)","(40, 99)","(13, 100)","(51, 72)","(63, 67)","(42, 73)","(72, 49)","(31, 100)","(0, 76)","(68, 76)","(88, 85)"
"(23, 89)","(72, 91)","(46, 95)","(31, 87)","(4, 70)","(43, 86)","(27, 10)","(49, 56)","(7, 56)","(92, 39)","(11, 84)","(69, 15)","(58, 73)","(13, 50)","(39, 38)","(23, 33)","(41, 8)","(92, 87)","(4, 90)","(63, 48)","(30, 17)","(91, 94)","(63, 51)","(11, 19)","(41, 87)","(60, 39)","(70, 47)","(97, 64)","(100, 57)","(35, 92)","(82, 24)","(14, 60)","(9, 49)","(95, 91)","(8, 53)","(22, 76)","(53, 24)","(13, 52)","(40, 42)","(98, 59)","(81, 18)","(93, 20)","(6, 49)","(4, 86)","(10, 71)","(19, 19)","(63, 59)","(19, 28)","(90, 15)","(21, 59)","(36, 41)","(3, 50)","(44, 33)"
"(84, 35)","(26, 45)","(8, 56)","(25, 4)","(32, 46)","(64, 61)","(71, 54)","(69, 52)","(64, 90)","(28, 82)","(92, 53)","(67, 37)","(52, 82)","(100, 43)","(23, 88)","(65, 94)","(60, 43)","(34, 59)","(23, 57)","(69, 67)","(62, 86)","(20, 92)","(50, 72)","(59, 49)","(70, 84)","(90, 62)","(31, 66)","(87, 67)","(72, 77)","(51, 33)","(50, 82)","(13, 89)","(41, 99)","(71, 73)","(24, 66)","(61, 59)","(40, 51)","(65, 53)","(97, 63)","(21, 90)","(32, 93)","(30, 77)","(31, 42)","(99, 56)","(100, 63)","(49, 76)","(89, 38)","(26, 55)","(76, 80)","(81, 70)","(49, 69)","(99, 30)","(47, 50)"
"(74, 56)","(42, 54)","(1, 67)","(59, 55)","(45, 100)","(97, 95)","(61, 0)","(2, 100)","(40, 96)","(49, 99)","(100, 99)","(21, 92)","(43, 65)","(10, 64)","(87, 34)","(90, 98)","(94, 97)","(53, 59)","(2, 81)","(12, 61)","(56, 87)","(100, 82)","(46, 86)","(93, 35)","(78, 86)","(78, 91)","(43, 100)","(62, 84)","(48, 50)","(85, 20)","(0, 100)","(71, 55)","(57, 64)","(5, 91)","(19, 96)","(63, 73)","(11, 89)","(69, 100)","(100, 96)","(33, 100)","(25, 93)","(95, 36)","(15, 76)","(29, 95)","(73, 30)","(19, 94)","(17, 100)","(100, 97)","(97, 45)","(32, 74)","(54, 92)","(83, 92)","(55, 80)"
"(96, 21)","(55, 79)","(52, 62)","(88, 97)","(66, 42)","(83, 58)","(74, 43)","(25, 96)","(69, 71)","(72, 94)","(86, 87)","(36, 74)","(34, 89)","(71, 47)","(100, 100)","(87, 99)","(62, 47)","(100, 100)","(66, 32)","(100, 100)","(98, 100)","(64, 16)","(73, 28)","(96, 54)","(79, 47)","(56, 85)","(83, 69)","(80, 92)","(100, 100)","(91, 39)","(65, 20)","(42, 83)","(96, 17)","(100, 100)","(94, 84)","(40, 64)","(25, 79)","(98, 100)","(96, 38)","(99, 37)","(100, 39)","(20, 79)","(61, 7)","(95, 42)","(87, 100)","(100, 78)","(61, 89)","(94, 22)","(50, 86)","(40, 63)","(100, 53)","(45, 50)","(44, 94)"
"(41, 51)","(47, 3)","(99, 75)","(84, 14)","(35, 94)","(87, 13)","(82, 90)","(66, 48)","(100, 66)","(22, 87)","(100, 67)","(45, 28)","(13, 51)","(83, 76)","(100, 69)","(25, 19)","(62, 62)","(51, 92)","(75, 90)","(95, 7)","(34, 55)","(62, 0)","(54, 3)","(23, 55)","(43, 85)","(56, 9)","(80, 67)","(99, 38)","(48, 90)","(63, 24)","(91, 70)","(77, 22)","(91, 73)","(94, 69)","(76, 57)","(45, 88)","(100, 70)","(2, 62)","(69, 30)","(36, 36)","(75, 89)","(94, 53)","(44, 98)","(100, 62)","(48, 40)","(24, 52)","(68, 52)","(21, 93)","(94, 16)","(70, 80)","(41, 25)","(55, 100)","(62, 63)"
"(60, 75)","(34, 62)","(2, 30)","(66, 26)","(22, 8)","(38, 36)","(12, 1)","(67, 25)","(39, 47)","(44, 45)","(88, 100)","(87, 83)","(34, 19)","(91, 80)","(75, 49)","(54, 60)","(38, 59)","(93, 83)","(84, 56)","(50, 22)","(100, 49)","(18, 1)","(79, 84)","(87, 64)","(35, 32)","(26, 26)","(10, 42)","(44, 47)","(27, 55)","(79, 99)","(55, 39)","(64, 66)","(92, 69)","(16, 49)","(38, 49)","(15, 34)","(62, 39)","(52, 35)","(92, 47)","(22, 6)","(25, 33)","(1, 29)","(58, 34)","(58, 2)","(74, 53)","(67, 11)","(64, 82)","(80, 17)","(65, 10)","(46, 9)","(27, 29)","(67, 20)","(56, 42)"
"(73, 81)","(76, 53)","(27, 71)","(96, 40)","(7, 78)","(67, 7)","(15, 27)","(46, 97)","(45, 10)","(89, 16)","(40, 32)","(33, 51)","(56, 92)","(21, 98)","(95, 47)","(6, 54)","(50, 24)","(9, 96)","(46, 32)","(76, 39)","(52, 100)","(27, 52)","(59, 57)","(31, 25)","(89, 12)","(38, 34)","(2, 56)","(35, 56)","(58, 82)","(94, 20)","(49, 52)","(77, 37)","(34, 36)","(43, 14)","(37, 93)","(44, 80)","(4, 96)","(91, 36)","(47, 100)","(30, 93)","(35, 83)","(64, 67)","(29, 94)","(19, 10)","(30, 10)","(55, 39)","(94, 83)","(43, 16)","(85, 25)","(69, 41)","(27, 35)","(81, 79)","(18, 14)"
"(6, 0)","(46, 44)","(82, 50)","(78, 4)","(37, 0)","(100, 28)","(55, 5)","(53, 37)","(58, 19)","(50, 17)","(91, 25)","(100, 10)","(100, 2)","(72, 9)","(74, 0)","(80, 18)","(76, 30)","(47, 0)","(54, 24)","(84, 0)","(90, 90)","(100, 9)","(37, 5)","(76, 17)","(27, 0)","(86, 19)","(49, 34)","(94, 0)","(66, 0)","(52, 1)","(80, 88)","(71, 9)","(91, 48)","(75, 33)","(94, 44)","(71, 15)","(79, 10)","(36, 4)","(55, 4)","(56, 5)","(73, 27)","(28, 0)","(78, 28)","(53, 0)","(41, 5)","(14, 14)","(45, 8)","(46, 46)","(87, 93)","(96, 16)","(70, 0)","(100, 14)","(91, 90)"
"(85, 40)","(72, 40)","(53, 75)","(1, 92)","(100, 100)","(55, 93)","(26, 100)","(5, 10)","(52, 70)","(8, 3)","(100, 100)","(97, 53)","(100, 100)","(100, 76)","(0, 87)","(100, 100)","(72, 17)","(73, 80)","(94, 84)","(93, 61)","(80, 15)","(100, 97)","(100, 98)","(81, 99)","(100, 65)","(100, 56)","(94, 75)","(100, 100)","(100, 85)","(100, 79)","(71, 58)","(100, 88)","(69, 97)","(69, 36)","(100, 80)","(96, 29)","(100, 100)","(93, 100)","(100, 100)","(99, 31)","(69, 63)","(100, 100)","(39, 92)","(100, 97)","(20, 97)","(37, 92)","(72, 96)","(100, 87)","(36, 99)","(6, 6)","(99, 99)","(35, 85)","(45, 59)"
"(16, 97)","(21, 2)","(70, 13)","(88, 33)","(21, 74)","(1, 95)","(22, 20)","(61, 15)","(61, 21)","(44, 78)","(52, 91)","(62, 65)","(47, 98)","(36, 43)","(90, 17)","(67, 55)","(54, 9)","(13, 29)","(82, 89)","(57, 38)","(36, 9)","(76, 45)","(28, 66)","(25, 52)","(49, 43)","(21, 33)","(72, 99)","(25, 0)","(99, 62)","(30, 8)","(35, 68)","(36, 94)","(83, 32)","(3, 36)","(18, 61)","(49, 3)","(67, 45)","(2, 71)","(29, 6)","(95, 67)","(9, 98)","(7, 79)","(64, 12)","(45, 78)","(22, 27)","(48, 46)","(13, 46)","(46, 61)","(35, 0)","(58, 93)","(10, 19)","(75, 94)","(74, 31)"
"(18, 68)","(98, 49)","(80, 65)","(87, 19)","(80, 7)","(77, 75)","(7, 29)","(74, 55)","(6, 42)","(88, 57)","(67, 41)","(69, 45)","(36, 37)","(90, 2)","(61, 25)","(84, 1)","(86, 50)","(72, 17)","(54, 6)","(22, 68)","(33, 44)","(85, 60)","(83, 37)","(34, 21)","(41, 63)","(17, 63)","(29, 34)","(50, 75)","(46, 38)","(77, 31)","(15, 53)","(2, 68)","(0, 54)","(30, 20)","(78, 45)","(60, 36)","(62, 3)","(95, 3)","(27, 51)","(80, 23)","(78, 66)","(3, 2)","(52, 29)","(27, 52)","(72, 37)","(9, 3)","(5, 69)","(58, 17)","(20, 45)","(67, 44)","(57, 67)","(62, 2)","(91, 44)"
"(80, 51)","(14, 56)","(64, 99)","(89, 7)","(35, 36)","(41, 55)","(67, 83)","(32, 6)","(89, 31)","(89, 95)","(75, 20)","(7, 7)","(8, 33)","(44, 84)","(51, 95)","(46, 26)","(11, 99)","(56, 6)","(100, 6)","(58, 58)","(99, 41)","(23, 82)","(64, 89)","(93, 64)","(51, 61)","(36, 24)","(91, 85)","(9, 68)","(89, 36)","(74, 84)","(93, 91)","(70, 99)","(16, 3)","(10, 26)","(34, 54)","(12, 51)","(5, 45)","(28, 56)","(43, 38)","(99, 40)","(78, 11)","(69, 66)","(84, 91)","(80, 11)","(6, 37)","(92, 19)","(100, 32)","(64, 97)","(91, 96)","(88, 12)","(56, 47)","(93, 35)","(28, 40)"
"(31, 69)","(7, 1)","(11, 100)","(95, 69)","(0, 94)","(0, 39)","(0, 22)","(0, 83)","(51, 53)","(96, 52)","(18, 99)","(78, 28)","(6, 51)","(30, 18)","(0, 83)","(93, 44)","(32, 27)","(85, 88)","(0, 89)","(55, 1)","(24, 26)","(45, 0)","(0, 14)","(93, 52)","(38, 37)","(78, 12)","(29, 86)","(82, 95)","(0, 50)","(43, 2)","(77, 28)","(3, 79)","(93, 18)","(64, 95)","(13, 7)","(96, 23)","(8, 84)","(0, 59)","(84, 0)","(0, 67)","(23, 63)","(32, 56)","(76, 1)","(72, 95)","(22, 30)","(87, 41)","(98, 77)","(26, 70)","(100, 47)","(40, 66)","(40, 11)","(75, 91)","(0, 6)"
"(94, 40)","(70, 74)","(44, 67)","(74, 40)","(40, 72)","(46, 94)","(93, 56)","(15, 94)","(85, 52)","(73, 35)","(13, 48)","(81, 54)","(0, 8)","(41, 43)","(42, 26)","(61, 91)","(33, 20)","(54, 0)","(6, 11)","(77, 59)","(12, 9)","(92, 60)","(85, 48)","(33, 48)","(12, 76)","(81, 41)","(78, 79)","(12, 94)","(43, 66)","(46, 59)","(27, 33)","(19, 84)","(36, 46)","(38, 73)","(45, 63)","(47, 39)","(8, 96)","(22, 64)","(2, 89)","(3, 60)","(59, 62)","(72, 86)","(80, 2)","(70, 10)","(2, 55)","(58, 26)","(55, 33)","(49, 63)","(11, 76)","(59, 34)","(43, 34)","(26, 76)","(16, 23)"
"(96, 97)","(65, 12)","(58, 66)","(73, 23)","(63, 83)","(100, 32)","(70, 64)","(67, 10)","(35, 45)","(93, 4)","(90, 14)","(100, 49)","(70, 73)","(12, 25)","(93, 8)","(100, 39)","(59, 36)","(99, 20)","(100, 31)","(100, 13)","(68, 14)","(74, 88)","(84, 4)","(91, 49)","(51, 49)","(99, 0)","(98, 13)","(99, 0)","(75, 53)","(100, 17)","(87, 88)","(72, 44)","(73, 52)","(76, 75)","(85, 23)","(82, 20)","(73, 0)","(71, 73)","(100, 57)","(100, 36)","(96, 53)","(74, 0)","(100, 34)","(100, 0)","(100, 0)","(100, 0)","(96, 13)","(87, 44)","(73, 48)","(100, 4)","(70, 17)","(82, 19)","(80, 47)"
"(19, 24)","(97, 74)","(13, 85)","(81, 82)","(29, 72)","(3, 4)","(2, 97)","(91, 4)","(97, 57)","(16, 72)","(2, 57)","(56, 37)","(91, 37)","(12, 49)","(47, 40)","(11, 81)","(11, 87)","(30, 88)","(67, 0)","(67, 6)","(81, 87)","(37, 66)","(34, 12)","(6, 32)","(81, 96)","(56, 24)","(70, 23)","(96, 5)","(11, 71)","(67, 39)","(13, 62)","(83, 23)","(45, 42)","(66, 25)","(0, 22)","(95, 0)","(53, 0)","(39, 13)","(42, 40)","(1, 26)","(40, 12)","(32, 96)","(37, 4)","(4, 56)","(97, 82)","(75, 61)","(20, 94)","(93, 84)","(31, 54)","(3, 41)","(65, 83)","(42, 91)","(80, 53)"
"(92, 92)","(8, 32)","(71, 37)","(10, 95)","(0, 57)","(55, 69)","(32, 49)","(63, 28)","(75, 63)","(3, 19)","(5, 74)","(71, 53)","(28, 30)","(67, 34)","(76, 79)","(81, 5)","(66, 81)","(11, 50)","(84, 7)","(88, 35)","(29, 89)","(15, 29)","(16, 34)","(37, 75)","(49, 49)","(60, 73)","(59, 81)","(46, 4)","(88, 7)","(94, 81)","(61, 20)","(87, 45)","(75, 13)","(24, 62)","(95, 61)","(100, 54)","(24, 83)","(53, 6)","(30, 92)","(75, 46)","(80, 66)","(59, 7)","(10, 50)","(41, 4)","(95, 39)","(33, 64)","(37, 22)","(23, 44)","(71, 60)","(42, 30)","(74, 83)","(14, 38)","(54, 50)"
"(68, 20)","(79, 43)","(90, 27)","(94, 43)","(93, 47)","(62, 72)","(41, 43)","(53, 14)","(52, 58)","(60, 65)","(99, 48)","(19, 12)","(95, 50)","(77, 53)","(48, 20)","(59, 54)","(63, 82)","(20, 10)","(89, 15)","(62, 83)","(66, 47)","(84, 22)","(39, 32)","(54, 85)","(59, 78)","(43, 57)","(87, 39)","(98, 66)","(10, 8)","(56, 42)","(57, 74)","(95, 6)","(55, 52)","(13, 83)","(18, 18)","(43, 29)","(98, 96)","(41, 47)","(45, 11)","(34, 69)","(54, 78)","(60, 57)","(35, 43)","(8, 59)","(52, 7)","(63, 41)","(0, 6)","(34, 44)","(16, 66)","(77, 48)","(95, 8)","(2, 79)","(96, 31)"
"(22, 1)","(61, 28)","(34, 87)","(78, 59)","(80, 56)","(0, 30)","(50, 46)","(16, 90)","(78, 16)","(46, 100)","(78, 74)","(0, 93)","(100, 10)","(7, 38)","(34, 92)","(36, 89)","(58, 34)","(95, 56)","(31, 65)","(33, 24)","(28, 45)","(39, 69)","(16, 77)","(78, 55)","(66, 35)","(90, 35)","(14, 70)","(46, 99)","(18, 25)","(17, 72)","(17, 17)","(44, 65)","(100, 39)","(38, 61)","(34, 39)","(3, 45)","(37, 50)","(45, 57)","(29, 82)","(25, 42)","(97, 18)","(22, 21)","(18, 36)","(12, 85)","(28, 13)","(30, 71)","(45, 35)","(30, 74)","(95, 51)","(0, 100)","(42, 33)","(4, 46)","(97, 8)"
"(17, 58)","(58, 30)","(51, 31)","(62, 33)","(35, 88)","(75, 45)","(56, 58)","(50, 46)","(53, 78)","(59, 35)","(22, 84)","(90, 45)","(5, 65)","(93, 68)","(37, 61)","(73, 68)","(49, 62)","(39, 77)","(51, 83)","(55, 53)","(94, 42)","(35, 81)","(100, 58)","(76, 41)","(62, 50)","(65, 48)","(77, 71)","(17, 60)","(97, 86)","(70, 36)","(83, 66)","(84, 98)","(99, 59)","(41, 75)","(98, 11)","(4, 93)","(80, 94)","(49, 76)","(31, 49)","(10, 84)","(81, 74)","(60, 63)","(42, 95)","(24, 89)","(16, 85)","(82, 79)","(43, 67)","(70, 70)","(78, 75)","(64, 63)","(74, 49)","(61, 25)","(94, 98)"
"(0, 13)","(33, 87)","(20, 15)","(49, 29)","(64, 78)","(83, 61)","(73, 26)","(83, 3)","(55, 17)","(12, 22)","(69, 74)","(97, 32)","(76, 61)","(57, 63)","(94, 30)","(0, 20)","(94, 39)","(57, 84)","(44, 35)","(34, 0)","(81, 84)","(77, 1)","(20, 71)","(94, 45)","(58, 61)","(13, 99)","(79, 38)","(34, 82)","(66, 68)","(82, 52)","(25, 9)","(51, 85)","(43, 23)","(35, 25)","(6, 13)","(84, 9)","(10, 96)","(10, 35)","(17, 44)","(12, 60)","(48, 83)","(18, 79)","(49, 42)","(14, 72)","(0, 64)","(53, 39)","(83, 80)","(87, 38)","(25, 69)","(81, 67)","(47, 99)","(63, 7)","(57, 21)"
"(89, 33)","(36, 13)","(24, 68)","(21, 65)","(25, 29)","(24, 88)","(48, 36)","(9, 69)","(58, 83)","(78, 98)","(86, 38)","(96, 12)","(13, 63)","(62, 53)","(0, 75)","(47, 46)","(16, 65)","(81, 69)","(35, 87)","(9, 47)","(23, 3)","(34, 79)","(20, 31)","(90, 1)","(75, 10)","(75, 80)","(46, 7)","(69, 42)","(26, 77)","(67, 48)","(63, 72)","(87, 11)","(15, 89)","(1, 35)","(76, 38)","(75, 49)","(63, 20)","(86, 73)","(3, 11)","(90, 40)","(0, 52)","(23, 14)","(52, 65)","(4, 74)","(97, 85)","(58, 78)","(58, 81)","(80, 87)","(28, 89)","(38, 66)","(18, 66)","(8, 37)","(96, 92)"
"(53, 11)","(27, 49)","(32, 91)","(49, 96)","(38, 87)","(72, 52)","(71, 16)","(35, 91)","(68, 33)","(52, 61)","(29, 99)","(99, 2)","(71, 49)","(40, 60)","(60, 83)","(66, 16)","(43, 21)","(87, 9)","(61, 54)","(24, 44)","(25, 37)","(55, 74)","(84, 37)","(60, 12)","(62, 45)","(55, 83)","(97, 31)","(80, 91)","(55, 98)","(65, 38)","(83, 81)","(40, 58)","(79, 56)","(33, 74)","(77, 34)","(96, 96)","(52, 93)","(89, 57)","(58, 54)","(61, 56)","(48, 28)","(65, 38)","(83, 59)","(43, 97)","(39, 49)","(34, 20)","(76, 13)","(30, 80)","(71, 26)","(78, 53)","(75, 88)","(48, 99)","(33, 33)"
"(57, 80)","(28, 85)","(69, 7)","(29, 14)","(78, 65)","(99, 39)","(36, 53)","(13, 97)","(64, 20)","(66, 51)","(52, 0)","(73, 99)","(93, 71)","(55, 93)","(35, 63)","(16, 56)","(28, 33)","(95, 65)","(96, 88)","(18, 10)","(31, 62)","(76, 33)","(15, 81)","(20, 28)","(46, 0)","(19, 8)","(41, 69)","(87, 36)","(66, 1)","(37, 90)","(3, 33)","(14, 94)","(5, 27)","(80, 48)","(24, 19)","(17, 96)","(48, 74)","(28, 50)","(75, 52)","(79, 40)","(28, 1)","(71, 36)","(91, 69)","(80, 75)","(21, 26)","(0, 67)","(58, 35)","(2, 6)","(43, 0)","(86, 45)","(81, 0)","(85, 34)","(6, 70)"
"(63, 52)","(47, 14)","(40, 36)","(63, 68)","(45, 7)","(25, 99)","(86, 14)","(86, 12)","(60, 1)","(49, 84)","(72, 11)","(84, 26)","(93, 28)","(100, 74)","(90, 36)","(96, 11)","(21, 31)","(97, 99)","(68, 63)","(57, 66)","(73, 0)","(22, 41)","(26, 8)","(98, 30)","(100, 0)","(87, 0)","(71, 0)","(72, 38)","(35, 4)","(42, 80)","(95, 39)","(100, 69)","(75, 28)","(69, 14)","(57, 28)","(80, 60)","(89, 69)","(83, 14)","(85, 0)","(70, 0)","(62, 94)","(90, 28)","(48, 43)","(80, 0)","(92, 28)","(100, 54)","(84, 23)","(93, 47)","(64, 54)","(100, 0)","(84, 2)","(24, 15)","(81, 12)"
"(15, 11)","(97, 89)","(70, 21)","(76, 31)","(72, 79)","(2, 42)","(96, 58)","(49, 99)","(28, 6)","(34, 83)","(90, 48)","(97, 41)","(98, 6)","(85, 79)","(48, 57)","(93, 28)","(33, 23)","(34, 52)","(26, 17)","(71, 80)","(6, 8)","(68, 93)","(55, 13)","(22, 74)","(8, 63)","(58, 79)","(2, 50)","(30, 60)","(89, 85)","(77, 83)","(33, 59)","(33, 65)","(21, 39)","(82, 64)","(85, 32)","(88, 25)","(63, 5)","(63, 75)","(91, 54)","(65, 41)","(10, 38)","(23, 75)","(5, 63)","(94, 68)","(80, 14)","(86, 24)","(39, 95)","(69, 90)","(71, 63)","(52, 19)","(18, 11)","(48, 79)","(65, 28)"
"(9, 79)","(86, 56)","(44, 59)","(83, 98)","(81, 100)","(40, 81)","(18, 87)","(75, 100)","(95, 87)","(74, 61)","(84, 100)","(77, 100)","(95, 68)","(25, 71)","(35, 69)","(67, 100)","(27, 98)","(41, 100)","(35, 83)","(92, 96)","(100, 67)","(87, 100)","(61, 100)","(67, 82)","(21, 82)","(41, 60)","(32, 100)","(46, 59)","(44, 98)","(65, 100)","(35, 77)","(85, 81)","(50, 93)","(44, 86)","(48, 80)","(86, 64)","(74, 100)","(21, 100)","(100, 83)","(23, 72)","(42, 100)","(69, 69)","(87, 87)","(92, 77)","(22, 79)","(54, 100)","(49, 100)","(46, 58)","(72, 85)","(82, 66)","(70, 81)","(99, 85)","(63, 71)"
"(57, 31)","(16, 93)","(5, 7)","(47, 53)","(36, 7)","(59, 9)","(97, 29)","(98, 52)","(60, 13)","(19, 58)","(13, 94)","(68, 60)","(33, 14)","(48, 2)","(63, 55)","(10, 82)","(52, 94)","(98, 24)","(82, 83)","(94, 48)","(34, 9)","(100, 3)","(86, 16)","(36, 64)","(59, 8)","(43, 54)","(0, 53)","(74, 22)","(14, 76)","(46, 56)","(5, 21)","(31, 40)","(90, 65)","(27, 91)","(9, 28)","(46, 71)","(49, 64)","(97, 3)","(31, 61)","(65, 32)","(15, 19)","(68, 86)","(2, 40)","(24, 43)","(34, 78)","(77, 30)","(11, 9)","(53, 36)","(15, 58)","(78, 44)","(69, 38)","(48, 9)","(34, 50)"
"(62, 100)","(63, 35)","(28, 3)","(12, 4)","(73, 14)","(12, 51)","(17, 37)","(46, 36)","(14, 7)","(62, 32)","(33, 80)","(39, 88)","(59, 12)","(7, 35)","(63, 34)","(31, 96)","(11, 66)","(86, 41)","(43, 9)","(36, 34)","(12, 46)","(15, 75)","(54, 58)","(8, 100)","(40, 41)","(54, 18)","(54, 24)","(55, 80)","(24, 47)","(76, 60)","(11, 56)","(42, 10)","(61, 17)","(70, 87)","(53, 49)","(39, 62)","(38, 71)","(69, 48)","(34, 2)","(68, 34)","(13, 92)","(43, 98)","(77, 64)","(72, 19)","(51, 94)","(21, 52)","(59, 83)","(26, 79)","(2, 67)","(66, 15)","(26, 9)","(48, 12)","(28, 58)"
"(4, 17)","(87, 92)","(26, 23)","(41, 40)","(77, 63)","(54, 77)","(27, 96)","(10, 67)","(66, 69)","(54, 46)","(22, 44)","(34, 49)","(87, 100)","(32, 30)","(7, 71)","(6, 20)","(66, 38)","(66, 44)","(59, 49)","(5, 100)","(50, 66)","(47, 73)","(85, 66)","(58, 85)","(20, 98)","(2, 65)","(47, 39)","(15, 89)","(10, 87)","(82, 67)","(58, 100)","(30, 31)","(10, 90)","(62, 66)","(30, 38)","(0, 34)","(42, 49)","(7, 21)","(25, 78)","(26, 31)","(5, 8)","(17, 80)","(9, 48)","(51, 81)","(15, 61)","(64, 100)","(41, 89)","(84, 63)","(24, 92)","(2, 30)","(33, 30)","(21, 39)","(83, 93)"
"(82, 39)","(34, 51)","(25, 76)","(65, 86)","(27, 53)","(69, 56)","(83, 63)","(100, 65)","(79, 50)","(78, 100)","(88, 48)","(100, 68)","(96, 47)","(82, 59)","(88, 62)","(61, 100)","(81, 75)","(90, 26)","(97, 71)","(3, 64)","(79, 44)","(76, 73)","(37, 99)","(67, 100)","(48, 75)","(41, 84)","(57, 77)","(12, 100)","(29, 64)","(9, 89)","(85, 96)","(16, 76)","(86, 67)","(57, 83)","(82, 94)","(100, 67)","(26, 71)","(94, 50)","(43, 90)","(91, 72)","(63, 84)","(89, 78)","(28, 65)","(73, 97)","(55, 94)","(68, 55)","(100, 81)","(75, 96)","(87, 62)","(37, 40)","(27, 38)","(6, 67)","(48, 77)"
"(69, 72)","(11, 8)","(19, 39)","(98, 31)","(97, 14)","(67, 38)","(61, 61)","(82, 35)","(81, 33)","(29, 35)","(44, 2)","(93, 22)","(98, 64)","(93, 86)","(83, 61)","(31, 47)","(81, 63)","(72, 54)","(52, 27)","(61, 36)","(31, 59)","(91, 43)","(88, 32)","(80, 47)","(76, 52)","(64, 10)","(45, 9)","(91, 17)","(39, 28)","(29, 28)","(41, 17)","(43, 26)","(77, 86)","(68, 52)","(31, 29)","(51, 18)","(68, 13)","(50, 31)","(18, 9)","(89, 11)","(77, 70)","(18, 30)","(69, 5)","(68, 49)","(23, 20)","(14, 17)","(57, 61)","(83, 12)","(73, 36)","(74, 34)","(38, 14)","(90, 54)","(23, 9)"
"(76, 3)","(62, 77)","(24, 82)","(68, 24)","(22, 63)","(74, 46)","(13, 27)","(47, 4)","(8, 61)","(95, 35)","(60, 44)","(46, 48)","(53, 90)","(81, 51)","(30, 73)","(18, 41)","(93, 19)","(66, 75)","(0, 78)","(74, 24)","(2, 78)","(0, 26)","(46, 87)","(91, 58)","(24, 96)","(75, 47)","(77, 65)","(71, 86)","(75, 50)","(3, 9)","(3, 67)","(52, 17)","(40, 0)","(27, 100)","(90, 34)","(51, 51)","(36, 60)","(36, 66)","(54, 17)","(13, 98)","(56, 87)","(27, 20)","(55, 94)","(81, 58)","(31, 100)","(9, 24)","(94, 86)","(79, 73)","(72, 67)","(46, 76)","(32, 22)","(84, 72)","(36, 50)"
"(97, 95)","(92, 22)","(2, 24)","(92, 58)","(40, 78)","(46, 39)","(69, 4)","(61, 55)","(94, 6)","(55, 78)","(17, 73)","(75, 66)","(13, 57)","(22, 96)","(79, 63)","(79, 66)","(69, 40)","(58, 46)","(87, 61)","(93, 95)","(5, 98)","(48, 17)","(45, 64)","(81, 93)","(94, 60)","(0, 30)","(53, 92)","(13, 56)","(25, 49)","(12, 97)","(63, 54)","(87, 51)","(12, 54)","(68, 80)","(52, 96)","(13, 70)","(11, 37)","(23, 69)","(92, 13)","(83, 62)","(86, 91)","(51, 41)","(24, 46)","(20, 33)","(85, 68)","(54, 47)","(46, 67)","(18, 60)","(37, 43)","(27, 99)","(19, 95)","(29, 69)","(15, 82)"
"(2, 70)","(14, 9)","(75, 2)","(15, 85)","(20, 75)","(65, 40)","(17, 55)","(37, 3)","(29, 26)","(6, 91)","(53, 23)","(100, 22)","(93, 10)","(20, 93)","(63, 49)","(3, 86)","(79, 72)","(92, 91)","(74, 21)","(65, 76)","(42, 90)","(3, 49)","(78, 52)","(27, 43)","(33, 93)","(57, 90)","(31, 10)","(76, 36)","(90, 44)","(60, 64)","(75, 68)","(84, 95)","(3, 96)","(98, 5)","(98, 14)","(21, 63)","(65, 29)","(100, 63)","(41, 41)","(100, 72)","(86, 18)","(51, 57)","(66, 58)","(65, 4)","(5, 17)","(50, 25)","(98, 68)","(11, 73)","(14, 35)","(62, 57)","(32, 19)","(29, 60)","(33, 27)"
"(26, 16)","(50, 41)","(93, 45)","(35, 30)","(48, 27)","(58, 1)","(100, 0)","(47, 0)","(91, 0)","(100, 0)","(100, 0)","(88, 32)","(47, 0)","(100, 0)","(58, 34)","(74, 27)","(53, 50)","(100, 0)","(50, 36)","(39, 1)","(33, 32)","(29, 22)","(100, 37)","(58, 12)","(54, 13)","(97, 40)","(100, 0)","(100, 25)","(79, 10)","(49, 15)","(94, 41)","(95, 0)","(88, 34)","(6, 19)","(96, 0)","(43, 11)","(4, 4)","(72, 0)","(89, 17)","(96, 26)","(86, 1)","(6, 0)","(82, 45)","(35, 46)","(86, 30)","(95, 45)","(88, 27)","(92, 31)","(51, 17)","(61, 0)","(100, 0)","(46, 12)","(92, 43)"
"(19, 77)","(84, 71)","(29, 41)","(77, 2)","(57, 39)","(20, 72)","(63, 22)","(50, 12)","(100, 83)","(50, 18)","(99, 8)","(94, 21)","(79, 2)","(81, 57)","(79, 5)","(69, 46)","(98, 27)","(23, 0)","(11, 96)","(2, 32)","(12, 73)","(67, 18)","(64, 22)","(68, 53)","(37, 78)","(2, 53)","(3, 27)","(78, 97)","(75, 25)","(60, 91)","(23, 45)","(80, 97)","(39, 4)","(21, 57)","(64, 61)","(99, 89)","(46, 89)","(65, 96)","(21, 8)","(46, 37)","(37, 68)","(28, 4)","(78, 17)","(81, 40)","(40, 97)","(80, 78)","(96, 62)","(84, 42)","(64, 36)","(28, 22)","(93, 26)","(86, 60)","(33, 88)"
"(89, 20)","(26, 68)","(41, 56)","(52, 91)","(67, 68)","(38, 84)","(26, 94)","(59, 45)","(53, 0)","(0, 2)","(55, 87)","(16, 23)","(40, 59)","(61, 79)","(43, 67)","(36, 6)","(75, 66)","(27, 4)","(75, 32)","(11, 29)","(78, 0)","(56, 59)","(26, 82)","(69, 47)","(48, 5)","(35, 0)","(38, 92)","(1, 36)","(31, 67)","(0, 71)","(90, 41)","(78, 30)","(100, 30)","(6, 25)","(41, 10)","(25, 3)","(10, 0)","(60, 94)","(39, 7)","(26, 74)","(14, 5)","(65, 47)","(27, 2)","(50, 4)","(22, 0)","(37, 74)","(76, 62)","(3, 84)","(47, 60)","(89, 35)","(87, 34)","(98, 25)","(54, 62)"
"(18, 96)","(73, 95)","(39, 9)","(56, 1)","(11, 45)","(80, 68)","(23, 13)","(51, 74)","(6, 45)","(68, 2)","(5, 83)","(28, 27)","(9, 84)","(51, 34)","(70, 45)","(54, 64)","(80, 3)","(71, 83)","(59, 69)","(46, 47)","(38, 98)","(69, 12)","(31, 86)","(9, 4)","(36, 79)","(32, 11)","(47, 88)","(58, 94)","(83, 26)","(71, 6)","(33, 80)","(30, 26)","(15, 7)","(6, 53)","(57, 19)","(31, 67)","(56, 66)","(22, 70)","(45, 69)","(1, 44)","(52, 56)","(25, 45)","(2, 49)","(94, 62)","(50, 10)","(63, 96)","(9, 73)","(94, 80)","(71, 69)","(50, 22)","(31, 51)","(68, 18)","(38, 8)"
"(52, 8)","(9, 57)","(48, 96)","(64, 5)","(28, 46)","(66, 97)","(17, 61)","(20, 17)","(34, 16)","(55, 94)","(31, 17)","(20, 26)","(50, 3)","(84, 93)","(27, 74)","(14, 37)","(45, 98)","(90, 81)","(65, 88)","(89, 55)","(28, 54)","(42, 44)","(39, 81)","(56, 73)","(49, 31)","(71, 31)","(17, 5)","(21, 27)","(66, 4)","(76, 8)","(47, 94)","(38, 64)","(81, 10)","(65, 17)","(74, 32)","(85, 90)","(8, 93)","(17, 41)","(95, 73)","(71, 24)","(80, 63)","(47, 69)","(36, 8)","(95, 94)","(54, 84)","(55, 76)","(12, 90)","(10, 13)","(65, 71)","(58, 29)","(58, 44)","(56, 50)","(57, 82)"
"(38, 52)","(6, 3)","(68, 100)","(44, 97)","(9, 30)","(30, 49)","(60, 100)","(10, 28)","(0, 93)","(15, 51)","(11, 29)","(41, 70)","(32, 100)","(4, 61)","(32, 100)","(11, 72)","(0, 94)","(0, 81)","(48, 78)","(21, 55)","(14, 45)","(8, 26)","(3, 57)","(4, 54)","(0, 84)","(94, 100)","(76, 100)","(7, 19)","(12, 74)","(40, 75)","(59, 100)","(14, 68)","(6, 37)","(25, 55)","(14, 60)","(32, 78)","(0, 80)","(43, 81)","(13, 17)","(7, 97)","(88, 98)","(13, 25)","(8, 51)","(11, 24)","(0, 42)","(27, 66)","(89, 84)","(24, 100)","(5, 72)","(55, 100)","(61, 92)","(38, 69)","(85, 92)"
"(41, 23)","(89, 62)","(39, 48)","(22, 2)","(12, 62)","(44, 48)","(25, 47)","(77, 20)","(56, 0)","(61, 67)","(51, 65)","(85, 70)","(70, 24)","(91, 83)","(83, 27)","(77, 44)","(14, 40)","(50, 51)","(95, 10)","(20, 13)","(73, 77)","(93, 49)","(13, 32)","(49, 92)","(61, 2)","(51, 0)","(14, 15)","(30, 69)","(85, 11)","(15, 50)","(36, 30)","(98, 63)","(11, 10)","(83, 87)","(9, 83)","(25, 6)","(36, 39)","(88, 19)","(55, 49)","(54, 57)","(29, 9)","(84, 73)","(14, 2)","(46, 98)","(72, 31)","(63, 93)","(95, 36)","(16, 48)","(65, 0)","(60, 84)","(64, 42)","(8, 28)","(95, 57)"
"(21, 42)","(77, 41)","(6, 22)","(27, 47)","(76, 12)","(100, 5)","(96, 2)","(53, 17)","(40, 90)","(70, 12)","(70, 18)","(67, 22)","(97, 0)","(85, 10)","(60, 0)","(26, 63)","(66, 30)","(37, 0)","(37, 45)","(43, 91)","(36, 0)","(14, 52)","(62, 16)","(6, 23)","(36, 6)","(57, 44)","(53, 19)","(100, 0)","(88, 4)","(66, 0)","(100, 17)","(41, 0)","(78, 33)","(39, 50)","(100, 0)","(39, 65)","(58, 42)","(51, 0)","(32, 4)","(41, 53)","(82, 36)","(67, 20)","(42, 3)","(66, 6)","(14, 87)","(87, 35)","(65, 7)","(30, 19)","(64, 45)","(26, 0)","(80, 36)","(89, 33)","(79, 12)"
"(70, 9)","(79, 3)","(44, 93)","(96, 95)","(39, 79)","(65, 92)","(94, 70)","(63, 74)","(89, 25)","(95, 44)","(55, 32)","(88, 95)","(84, 11)","(26, 48)","(62, 50)","(39, 54)","(68, 11)","(57, 69)","(100, 28)","(29, 62)","(37, 63)","(89, 18)","(100, 68)","(72, 90)","(70, 100)","(69, 76)","(100, 64)","(90, 24)","(53, 100)","(87, 93)","(97, 52)","(32, 75)","(96, 84)","(45, 45)","(55, 43)","(67, 100)","(89, 48)","(100, 27)","(47, 48)","(66, 96)","(51, 48)","(43, 56)","(100, 84)","(100, 25)","(75, 100)","(44, 73)","(43, 77)","(83, 28)","(40, 69)","(48, 70)","(69, 100)","(76, 86)","(91, 100)"
"(60, 52)","(20, 52)","(70, 85)","(2, 88)","(22, 60)","(87, 74)","(63, 95)","(97, 93)","(1, 100)","(0, 100)","(54, 100)","(18, 69)","(8, 100)","(0, 93)","(5, 37)","(8, 100)","(26, 84)","(62, 97)","(10, 94)","(65, 39)","(2, 29)","(35, 90)","(47, 100)","(23, 73)","(15, 96)","(100, 73)","(84, 86)","(22, 62)","(32, 69)","(2, 74)","(96, 81)","(0, 82)","(6, 100)","(29, 70)","(45, 54)","(10, 100)","(0, 100)","(81, 80)","(87, 75)","(28, 53)","(1, 99)","(8, 100)","(18, 100)","(57, 98)","(29, 100)","(94, 65)","(64, 94)","(86, 42)","(56, 100)","(83, 86)","(53, 54)","(24, 100)","(3, 56)"
"(93, 85)","(49, 14)","(24, 41)","(87, 68)","(18, 72)","(9, 42)","(0, 39)","(2, 36)","(40, 23)","(53, 84)","(16, 99)","(53, 44)","(9, 17)","(70, 33)","(28, 88)","(98, 79)","(17, 27)","(56, 98)","(21, 64)","(67, 3)","(53, 16)","(98, 48)","(35, 44)","(39, 90)","(53, 22)","(14, 18)","(50, 11)","(87, 94)","(18, 98)","(83, 17)","(28, 20)","(21, 48)","(53, 61)","(49, 79)","(54, 75)","(28, 59)","(56, 17)","(64, 91)","(38, 39)","(57, 52)","(12, 84)","(31, 33)","(56, 26)","(44, 3)","(92, 86)","(81, 3)","(5, 32)","(84, 54)","(95, 54)","(28, 31)","(11, 85)","(81, 9)","(11, 27)"
"(82, 8)","(41, 100)","(96, 66)","(90, 24)","(36, 65)","(29, 81)","(51, 50)","(30, 64)","(40, 38)","(24, 57)","(65, 24)","(40, 65)","(23, 61)","(65, 33)","(72, 75)","(61, 48)","(19, 100)","(95, 28)","(1, 51)","(44, 4)","(80, 82)","(43, 8)","(10, 5)","(57, 59)","(75, 74)","(67, 36)","(55, 40)","(88, 71)","(13, 10)","(98, 20)","(10, 20)","(33, 28)","(81, 77)","(97, 67)","(68, 83)","(46, 86)","(24, 31)","(44, 40)","(83, 50)","(95, 21)","(13, 95)","(24, 40)","(40, 75)","(82, 54)","(4, 31)","(100, 41)","(3, 35)","(84, 60)","(5, 29)","(83, 31)","(59, 43)","(31, 2)","(98, 34)"
"(74, 60)","(97, 21)","(36, 77)","(67, 4)","(71, 20)","(64, 75)","(36, 4)","(71, 38)","(33, 76)","(59, 21)","(7, 47)","(72, 48)","(24, 2)","(30, 12)","(22, 99)","(40, 53)","(46, 69)","(13, 14)","(57, 14)","(43, 15)","(8, 27)","(7, 59)","(57, 35)","(15, 84)","(97, 16)","(0, 47)","(12, 6)","(18, 92)","(71, 34)","(7, 95)","(48, 41)","(35, 49)","(32, 2)","(85, 14)","(44, 10)","(28, 84)","(74, 17)","(6, 59)","(28, 38)","(21, 5)","(8, 47)","(58, 57)","(56, 69)","(46, 34)","(64, 27)","(50, 1)","(87, 32)","(22, 33)","(25, 75)","(44, 15)","(39, 61)","(41, 53)","(95, 11)"
"(3, 59)","(56, 46)","(50, 58)","(45, 62)","(54, 74)","(0, 48)","(30, 0)","(100, 25)","(32, 55)","(24, 54)","(32, 3)","(82, 1)","(0, 53)","(69, 31)","(32, 14)","(43, 76)","(29, 53)","(1, 20)","(81, 8)","(21, 61)","(0, 20)","(94, 51)","(34, 3)","(0, 13)","(19, 72)","(10, 23)","(26, 7)","(54, 37)","(55, 54)","(24, 77)","(64, 6)","(29, 73)","(43, 18)","(77, 6)","(31, 12)","(70, 1)","(34, 14)","(17, 68)","(20, 88)","(59, 13)","(91, 23)","(27, 84)","(56, 13)","(58, 31)","(23, 32)","(83, 22)","(59, 40)","(84, 57)","(0, 18)","(17, 40)","(92, 49)","(62, 11)","(32, 86)"
"(3, 70)","(47, 43)","(56, 13)","(2, 66)","(41, 12)","(56, 4)","(0, 25)","(41, 52)","(4, 0)","(55, 14)","(31, 0)","(14, 13)","(0, 15)","(20, 0)","(0, 28)","(20, 44)","(9, 20)","(79, 11)","(0, 35)","(0, 42)","(0, 28)","(86, 10)","(8, 48)","(27, 64)","(23, 34)","(36, 0)","(0, 0)","(45, 10)","(0, 59)","(0, 62)","(36, 44)","(59, 0)","(57, 4)","(0, 17)","(18, 0)","(21, 11)","(0, 5)","(13, 4)","(40, 18)","(0, 36)","(12, 11)","(78, 5)","(0, 43)","(3, 14)","(29, 0)","(52, 13)","(29, 51)","(40, 48)","(0, 0)","(32, 0)","(0, 2)","(46, 15)","(6, 31)"
"(86, 88)","(30, 56)","(23, 59)","(44, 100)","(0, 100)","(13, 42)","(58, 100)","(70, 67)","(30, 100)","(48, 97)","(24, 100)","(10, 61)","(77, 56)","(35, 75)","(21, 73)","(80, 43)","(15, 72)","(63, 67)","(66, 96)","(0, 93)","(48, 78)","(14, 55)","(17, 87)","(65, 97)","(51, 100)","(18, 83)","(5, 43)","(87, 73)","(52, 54)","(58, 70)","(0, 100)","(0, 100)","(22, 64)","(36, 85)","(0, 83)","(72, 47)","(69, 88)","(66, 37)","(69, 60)","(77, 67)","(0, 84)","(34, 75)","(18, 99)","(48, 49)","(25, 57)","(52, 100)","(72, 55)","(86, 100)","(68, 64)","(42, 85)","(75, 100)","(61, 95)","(61, 100)"
"(6, 48)","(42, 1)","(39, 5)","(67, 59)","(16, 81)","(11, 42)","(57, 88)","(9, 48)","(5, 1)","(0, 9)","(37, 70)","(7, 99)","(24, 37)","(20, 99)","(17, 79)","(44, 75)","(41, 82)","(76, 73)","(16, 0)","(54, 52)","(41, 79)","(91, 40)","(7, 0)","(73, 13)","(10, 39)","(78, 61)","(18, 74)","(44, 99)","(38, 86)","(31, 9)","(13, 0)","(10, 0)","(29, 98)","(19, 17)","(88, 16)","(74, 87)","(92, 38)","(20, 0)","(85, 93)","(75, 34)","(95, 79)","(3, 57)","(36, 5)","(99, 49)","(24, 49)","(99, 52)","(8, 13)","(98, 62)","(85, 62)","(89, 90)","(5, 0)","(2, 33)","(16, 17)"
"(28, 16)","(38, 80)","(58, 96)","(79, 24)","(66, 39)","(67, 81)","(39, 9)","(54, 86)","(54, 92)","(75, 5)","(65, 9)","(41, 18)","(68, 55)","(24, 11)","(83, 91)","(86, 53)","(32, 2)","(71, 1)","(40, 56)","(65, 21)","(48, 84)","(65, 81)","(46, 35)","(91, 66)","(94, 63)","(64, 25)","(56, 82)","(13, 59)","(28, 23)","(51, 0)","(42, 74)","(74, 96)","(29, 67)","(84, 18)","(50, 56)","(57, 95)","(45, 23)","(89, 14)","(23, 78)","(68, 46)","(46, 43)","(54, 23)","(72, 52)","(50, 7)","(58, 29)","(97, 39)","(53, 42)","(66, 64)","(65, 13)","(98, 74)","(46, 18)","(92, 98)","(70, 46)"
"(15, 87)","(37, 32)","(20, 60)","(86, 66)","(97, 60)","(68, 88)","(59, 61)","(99, 42)","(40, 87)","(45, 71)","(68, 29)","(53, 35)","(47, 28)","(65, 70)","(54, 98)","(52, 21)","(19, 85)","(81, 17)","(52, 45)","(51, 43)","(32, 100)","(42, 56)","(34, 71)","(28, 60)","(20, 94)","(35, 41)","(19, 63)","(52, 11)","(99, 4)","(81, 56)","(27, 56)","(66, 43)","(95, 55)","(48, 10)","(72, 68)","(83, 41)","(67, 23)","(59, 22)","(100, 35)","(12, 99)","(33, 67)","(47, 35)","(94, 28)","(57, 56)","(44, 76)","(54, 56)","(60, 96)","(68, 51)","(72, 0)","(15, 64)","(67, 25)","(43, 33)","(96, 98)"
"(38, 25)","(86, 89)","(21, 86)","(8, 98)","(61, 46)","(62, 78)","(5, 56)","(24, 97)","(67, 1)","(19, 55)","(51, 62)","(44, 60)","(44, 69)","(98, 9)","(19, 21)","(47, 37)","(15, 63)","(12, 34)","(60, 31)","(72, 63)","(93, 43)","(38, 10)","(40, 68)","(24, 81)","(37, 57)","(85, 51)","(87, 18)","(78, 73)","(99, 47)","(73, 98)","(39, 96)","(70, 78)","(37, 84)","(76, 14)","(41, 81)","(54, 51)","(24, 74)","(66, 89)","(95, 18)","(54, 69)","(16, 82)","(40, 76)","(55, 64)","(2, 34)","(67, 84)","(10, 53)","(22, 24)","(91, 29)","(23, 96)","(6, 58)","(8, 25)","(98, 28)","(46, 85)"
"(76, 70)","(84, 75)","(2, 13)","(98, 63)","(100, 59)","(49, 1)","(89, 10)","(49, 7)","(86, 26)","(20, 89)","(73, 41)","(36, 22)","(42, 23)","(37, 42)","(24, 14)","(45, 12)","(33, 35)","(76, 42)","(46, 4)","(57, 8)","(23, 12)","(22, 19)","(97, 28)","(86, 34)","(66, 47)","(58, 18)","(96, 75)","(86, 64)","(42, 23)","(46, 16)","(90, 78)","(94, 38)","(69, 0)","(56, 9)","(77, 83)","(96, 47)","(7, 88)","(61, 4)","(62, 73)","(57, 78)","(57, 4)","(100, 84)","(83, 77)","(31, 36)","(33, 3)","(100, 96)","(57, 6)","(96, 57)","(79, 67)","(71, 63)","(52, 31)","(46, 21)","(24, 24)"
"(64, 28)","(87, 47)","(64, 74)","(62, 75)","(82, 29)","(25, 41)","(49, 32)","(29, 29)","(93, 74)","(14, 19)","(10, 6)","(42, 63)","(94, 18)","(14, 28)","(74, 12)","(3, 92)","(88, 14)","(13, 69)","(40, 59)","(96, 30)","(74, 94)","(16, 74)","(98, 85)","(8, 36)","(49, 19)","(64, 68)","(13, 84)","(31, 71)","(79, 35)","(8, 51)","(72, 96)","(34, 24)","(44, 7)","(15, 1)","(71, 3)","(54, 63)","(58, 45)","(4, 44)","(65, 81)","(49, 82)","(65, 26)","(64, 70)","(59, 47)","(67, 5)","(17, 4)","(93, 57)","(42, 55)","(1, 41)","(65, 50)","(24, 6)","(56, 99)","(75, 82)","(93, 32)"
"(11, 47)","(29, 91)","(1, 5)","(100, 65)","(38, 20)","(60, 53)","(47, 59)","(20, 8)","(48, 33)","(48, 39)","(38, 93)","(94, 0)","(21, 45)","(79, 60)","(96, 9)","(85, 12)","(59, 94)","(68, 69)","(24, 21)","(60, 92)","(35, 78)","(32, 24)","(79, 78)","(39, 63)","(27, 61)","(42, 53)","(90, 12)","(12, 39)","(64, 52)","(77, 43)","(75, 31)","(12, 57)","(64, 64)","(22, 0)","(98, 38)","(93, 60)","(41, 50)","(100, 69)","(71, 27)","(11, 52)","(40, 27)","(38, 94)","(28, 71)","(30, 13)","(70, 89)","(27, 17)","(81, 52)","(69, 32)","(19, 25)","(24, 12)","(30, 86)","(46, 82)","(74, 98)"
"(78, 45)","(59, 29)","(92, 90)","(31, 11)","(55, 38)","(86, 81)","(23, 25)","(19, 44)","(29, 47)","(16, 53)","(55, 35)","(57, 38)","(34, 40)","(58, 37)","(40, 7)","(29, 74)","(32, 31)","(78, 64)","(18, 77)","(63, 76)","(45, 67)","(56, 1)","(10, 57)","(35, 29)","(82, 58)","(24, 4)","(27, 41)","(77, 81)","(61, 35)","(1, 72)","(75, 37)","(76, 93)","(89, 96)","(60, 51)","(39, 16)","(35, 34)","(21, 78)","(46, 40)","(87, 81)","(41, 65)","(55, 82)","(2, 46)","(28, 10)","(54, 35)","(4, 83)","(15, 46)","(10, 7)","(17, 83)","(1, 7)","(60, 56)","(85, 83)","(55, 45)","(19, 86)"
"(23, 57)","(76, 95)","(96, 76)","(28, 21)","(40, 14)","(17, 46)","(67, 62)","(92, 0)","(18, 20)","(57, 36)","(44, 51)","(64, 84)","(9, 51)","(70, 82)","(74, 64)","(28, 70)","(23, 31)","(37, 88)","(53, 47)","(82, 4)","(8, 24)","(57, 78)","(68, 78)","(50, 39)","(84, 80)","(35, 93)","(84, 83)","(21, 24)","(92, 20)","(38, 43)","(48, 47)","(67, 30)","(70, 81)","(65, 8)","(67, 94)","(21, 54)","(50, 96)","(49, 9)","(84, 64)","(59, 50)","(2, 31)","(67, 60)","(53, 73)","(93, 54)","(62, 91)","(4, 10)","(75, 67)","(14, 26)","(53, 48)","(17, 33)","(38, 75)","(10, 89)","(27, 23)"
"(70, 61)","(68, 71)","(22, 55)","(66, 45)","(6, 94)","(83, 64)","(12, 19)","(24, 48)","(30, 70)","(20, 96)","(17, 95)","(65, 6)","(43, 64)","(11, 5)","(69, 34)","(30, 94)","(34, 61)","(59, 2)","(97, 83)","(45, 85)","(74, 11)","(60, 82)","(55, 95)","(59, 98)","(59, 41)","(14, 51)","(32, 87)","(41, 90)","(71, 18)","(69, 45)","(16, 79)","(16, 94)","(61, 53)","(91, 8)","(72, 83)","(4, 71)","(99, 43)","(86, 76)","(10, 56)","(83, 68)","(80, 23)","(34, 32)","(76, 71)","(26, 6)","(96, 19)","(66, 76)","(1, 10)","(94, 34)","(76, 22)","(42, 94)","(52, 37)","(95, 5)","(8, 34)"
"(88, 31)","(84, 53)","(38, 5)","(35, 27)","(87, 71)","(42, 45)","(1, 46)","(12, 74)","(23, 22)","(62, 99)","(81, 45)","(93, 77)","(56, 43)","(2, 14)","(70, 51)","(24, 20)","(25, 28)","(53, 60)","(98, 39)","(68, 96)","(88, 38)","(47, 55)","(13, 47)","(78, 15)","(84, 40)","(59, 26)","(94, 78)","(75, 19)","(80, 33)","(74, 23)","(61, 96)","(4, 41)","(63, 11)","(24, 25)","(13, 28)","(79, 34)","(59, 4)","(79, 31)","(23, 8)","(77, 15)","(87, 78)","(77, 24)","(21, 41)","(9, 15)","(28, 28)","(4, 95)","(52, 25)","(5, 90)","(90, 67)","(46, 73)","(35, 18)","(32, 80)","(30, 40)"
"(49, 91)","(38, 70)","(67, 61)","(79, 91)","(85, 46)","(81, 27)","(16, 35)","(0, 27)","(31, 26)","(78, 89)","(62, 38)","(58, 89)","(90, 8)","(17, 30)","(2, 63)","(43, 18)","(88, 20)","(27, 95)","(88, 81)","(72, 8)","(41, 94)","(41, 36)","(47, 58)","(3, 0)","(88, 44)","(36, 76)","(40, 43)","(5, 82)","(39, 53)","(26, 59)","(32, 8)","(77, 40)","(22, 58)","(7, 67)","(55, 0)","(84, 21)","(17, 59)","(79, 95)","(29, 97)","(18, 42)","(15, 49)","(61, 10)","(40, 100)","(45, 29)","(78, 90)","(22, 94)","(1, 71)","(14, 44)","(88, 76)","(52, 22)","(85, 31)","(82, 20)","(68, 85)"
"(58, 16)","(60, 58)","(7, 50)","(64, 11)","(22, 5)","(60, 56)","(92, 61)","(5, 59)","(36, 68)","(20, 32)","(56, 22)","(4, 24)","(33, 85)","(87, 40)","(51, 77)","(27, 19)","(86, 47)","(32, 82)","(1, 15)","(83, 98)","(1, 27)","(19, 51)","(69, 6)","(21, 21)","(77, 13)","(53, 80)","(12, 82)","(83, 72)","(90, 50)","(14, 85)","(74, 69)","(41, 20)","(27, 79)","(5, 24)","(98, 17)","(50, 84)","(65, 78)","(80, 42)","(9, 25)","(13, 13)","(15, 77)","(45, 66)","(24, 95)","(47, 78)","(84, 100)","(89, 93)","(52, 83)","(22, 51)","(39, 0)","(39, 6)","(71, 75)","(73, 72)","(72, 9)"
"(43, 50)","(59, 18)","(48, 25)","(51, 99)","(89, 55)","(94, 52)","(92, 70)","(21, 83)","(73, 33)","(54, 89)","(69, 19)","(88, 60)","(76, 64)","(86, 44)","(66, 78)","(67, 43)","(95, 68)","(39, 72)","(80, 31)","(81, 29)","(40, 25)","(55, 87)","(68, 41)","(86, 43)","(96, 57)","(95, 95)","(92, 54)","(70, 20)","(93, 27)","(61, 26)","(74, 78)","(11, 77)","(94, 35)","(42, 99)","(65, 24)","(47, 45)","(11, 86)","(49, 21)","(70, 44)","(49, 85)","(68, 92)","(40, 88)","(78, 23)","(91, 75)","(68, 0)","(77, 33)","(37, 31)","(8, 74)","(83, 89)","(91, 100)","(88, 18)","(98, 86)","(78, 35)"
"(44, 11)","(12, 41)","(23, 54)","(82, 23)","(69, 1)","(50, 15)","(64, 81)","(66, 54)","(54, 31)","(79, 48)","(97, 96)","(1, 55)","(84, 41)","(46, 63)","(0, 11)","(7, 4)","(76, 82)","(73, 62)","(82, 77)","(97, 4)","(20, 1)","(90, 87)","(35, 29)","(80, 55)","(100, 15)","(70, 11)","(30, 57)","(46, 41)","(21, 30)","(89, 27)","(24, 50)","(77, 89)","(93, 12)","(44, 1)","(66, 71)","(24, 16)","(51, 91)","(49, 18)","(72, 71)","(53, 70)","(31, 73)","(75, 43)","(47, 72)","(98, 47)","(16, 42)","(9, 58)","(91, 14)","(62, 42)","(98, 4)","(85, 10)","(63, 53)","(96, 83)","(12, 59)"
"(89, 8)","(90, 80)","(96, 49)","(33, 97)","(66, 36)","(78, 68)","(15, 91)","(24, 18)","(61, 70)","(69, 10)","(23, 86)","(40, 47)","(55, 29)","(58, 92)","(1, 9)","(90, 75)","(63, 58)","(81, 72)","(83, 36)","(88, 87)","(9, 38)","(24, 29)","(88, 41)","(69, 18)","(59, 17)","(56, 30)","(55, 28)","(62, 46)","(50, 14)","(86, 46)","(78, 100)","(66, 80)","(93, 36)","(94, 96)","(44, 83)","(38, 6)","(43, 78)","(82, 12)","(61, 47)","(81, 19)","(16, 24)","(34, 66)","(5, 54)","(0, 37)","(12, 8)","(21, 20)","(72, 34)","(81, 2)","(55, 24)","(40, 39)","(8, 10)","(81, 81)","(51, 32)"
"(2, 20)","(19, 76)","(5, 86)","(0, 66)","(70, 3)","(77, 14)","(75, 57)","(41, 3)","(68, 54)","(0, 69)","(60, 71)","(36, 25)","(89, 98)","(17, 85)","(83, 24)","(41, 85)","(5, 95)","(32, 79)","(62, 7)","(75, 99)","(41, 97)","(69, 58)","(81, 23)","(4, 63)","(45, 21)","(31, 31)","(15, 47)","(0, 61)","(78, 88)","(22, 46)","(5, 94)","(41, 26)","(85, 87)","(0, 50)","(61, 44)","(38, 18)","(53, 12)","(81, 34)","(45, 8)","(97, 76)","(87, 17)","(17, 1)","(34, 17)","(92, 16)","(32, 53)","(64, 33)","(28, 80)","(28, 19)","(2, 0)","(1, 13)","(24, 73)","(30, 95)","(21, 7)"
"(66, 62)","(3, 98)","(37, 98)","(20, 11)","(24, 94)","(36, 59)","(55, 42)","(53, 40)","(17, 3)","(58, 38)","(56, 25)","(67, 37)","(58, 35)","(64, 29)","(75, 8)","(4, 91)","(90, 20)","(44, 87)","(14, 0)","(36, 0)","(76, 42)","(21, 70)","(66, 32)","(59, 38)","(2, 41)","(91, 9)","(61, 60)","(26, 47)","(14, 24)","(33, 1)","(9, 74)","(34, 97)","(59, 38)","(88, 28)","(36, 48)","(85, 44)","(16, 18)","(53, 21)","(90, 46)","(55, 18)","(59, 16)","(4, 13)","(12, 20)","(83, 13)","(75, 9)","(55, 53)","(41, 60)","(33, 73)","(41, 19)","(63, 30)","(95, 2)","(88, 30)","(13, 24)"
"(67, 54)","(19, 37)","(18, 93)","(95, 75)","(70, 55)","(75, 39)","(82, 26)","(5, 53)","(67, 16)","(81, 39)","(87, 22)","(30, 9)","(54, 34)","(93, 25)","(58, 95)","(66, 84)","(30, 33)","(44, 90)","(26, 72)","(82, 74)","(30, 42)","(30, 45)","(46, 90)","(82, 92)","(41, 57)","(12, 79)","(90, 53)","(27, 73)","(84, 46)","(45, 94)","(98, 8)","(47, 24)","(32, 66)","(72, 70)","(81, 1)","(33, 19)","(39, 68)","(10, 32)","(60, 60)","(37, 1)","(56, 8)","(68, 40)","(15, 40)","(74, 65)","(74, 4)","(4, 77)","(40, 45)","(20, 42)","(23, 93)","(21, 50)","(88, 21)","(16, 75)","(57, 27)"
"(9, 44)","(1, 68)","(67, 67)","(65, 98)","(13, 91)","(36, 62)","(43, 43)","(22, 75)","(4, 6)","(88, 63)","(10, 3)","(1, 0)","(73, 53)","(32, 64)","(78, 37)","(34, 34)","(68, 5)","(62, 56)","(91, 92)","(48, 60)","(97, 56)","(28, 42)","(50, 42)","(100, 0)","(74, 100)","(72, 84)","(50, 63)","(4, 8)","(26, 99)","(62, 31)","(36, 82)","(93, 15)","(50, 78)","(47, 30)","(22, 37)","(94, 32)","(54, 54)","(53, 52)","(11, 22)","(74, 29)","(48, 89)","(18, 85)","(38, 33)","(67, 14)","(53, 27)","(38, 36)","(9, 61)","(21, 84)","(100, 17)","(14, 90)","(58, 90)","(3, 93)","(51, 90)"
"(36, 56)","(63, 3)","(30, 85)","(90, 31)","(99, 97)","(74, 52)","(39, 67)","(75, 73)","(54, 37)","(94, 79)","(69, 83)","(62, 41)","(64, 44)","(46, 57)","(100, 48)","(46, 60)","(49, 65)","(53, 91)","(97, 22)","(71, 92)","(95, 89)","(63, 13)","(80, 76)","(82, 26)","(74, 39)","(48, 53)","(92, 81)","(33, 71)","(53, 79)","(56, 100)","(70, 55)","(48, 80)","(51, 94)","(46, 100)","(60, 33)","(71, 97)","(66, 3)","(74, 59)","(93, 69)","(88, 52)","(92, 74)","(50, 77)","(88, 59)","(70, 19)","(61, 27)","(80, 28)","(60, 23)","(97, 48)","(67, 41)","(61, 31)","(65, 19)","(76, 25)","(49, 62)"
"(45, 99)","(83, 73)","(39, 60)","(56, 65)","(38, 23)","(97, 5)","(33, 91)","(95, 84)","(68, 36)","(67, 74)","(96, 0)","(68, 48)","(9, 11)","(74, 82)","(90, 66)","(35, 8)","(96, 27)","(95, 1)","(71, 13)","(24, 75)","(97, 59)","(86, 4)","(88, 96)","(4, 57)","(72, 69)","(41, 45)","(79, 90)","(35, 35)","(6, 87)","(84, 31)","(74, 63)","(65, 60)","(30, 11)","(7, 55)","(14, 97)","(95, 58)","(80, 100)","(36, 45)","(28, 96)","(32, 32)","(1, 17)","(55, 70)","(16, 91)","(87, 23)","(73, 94)","(78, 78)","(69, 75)","(97, 88)","(0, 12)","(34, 99)","(58, 38)","(41, 86)","(25, 87)"
"(26, 69)","(68, 73)","(7, 76)","(57, 91)","(21, 80)","(93, 85)","(76, 96)","(39, 94)","(61, 9)","(81, 100)","(21, 100)","(48, 89)","(10, 73)","(76, 18)","(75, 84)","(35, 17)","(26, 78)","(99, 90)","(88, 29)","(62, 71)","(0, 100)","(12, 89)","(0, 100)","(73, 100)","(3, 85)","(60, 18)","(49, 98)","(49, 0)","(81, 86)","(57, 76)","(93, 30)","(33, 90)","(76, 78)","(19, 20)","(67, 94)","(45, 95)","(1, 78)","(31, 100)","(88, 37)","(100, 53)","(6, 83)","(92, 68)","(72, 89)","(18, 91)","(13, 85)","(84, 94)","(76, 4)","(1, 4)","(28, 83)","(98, 19)","(0, 88)","(68, 27)","(11, 33)"
"(36, 51)","(47, 87)","(85, 77)","(64, 66)","(75, 100)","(5, 50)","(67, 77)","(92, 9)","(52, 55)","(80, 16)","(94, 15)","(77, 87)","(87, 37)","(77, 90)","(12, 95)","(22, 93)","(99, 11)","(55, 99)","(29, 65)","(91, 55)","(70, 5)","(40, 92)","(59, 75)","(3, 6)","(77, 19)","(66, 59)","(8, 11)","(82, 49)","(62, 43)","(69, 24)","(8, 72)","(96, 78)","(61, 90)","(47, 42)","(82, 73)","(96, 90)","(31, 64)","(96, 99)","(44, 95)","(81, 31)","(61, 13)","(63, 32)","(41, 95)","(25, 51)","(23, 29)","(17, 92)","(75, 79)","(28, 37)","(22, 45)","(15, 12)","(79, 82)","(86, 63)","(17, 43)"
"(59, 72)","(6, 76)","(95, 85)","(84, 100)","(43, 95)","(75, 100)","(100, 7)","(70, 70)","(37, 67)","(44, 100)","(79, 89)","(34, 100)","(100, 100)","(19, 18)","(66, 14)","(16, 19)","(12, 0)","(54, 73)","(24, 32)","(18, 94)","(17, 78)","(24, 100)","(58, 24)","(74, 75)","(89, 91)","(74, 100)","(4, 87)","(43, 69)","(8, 100)","(4, 100)","(60, 89)","(17, 100)","(21, 14)","(81, 89)","(26, 28)","(66, 87)","(52, 1)","(85, 4)","(43, 95)","(73, 42)","(100, 100)","(34, 90)","(15, 100)","(51, 69)","(76, 74)","(59, 86)","(84, 75)","(46, 64)","(93, 98)","(17, 25)","(47, 83)","(78, 1)","(35, 24)"
"(80, 89)","(88, 73)","(70, 79)","(38, 81)","(86, 69)","(12, 65)","(91, 13)","(16, 41)","(84, 44)","(50, 82)","(26, 54)","(35, 60)","(3, 37)","(81, 75)","(62, 13)","(61, 51)","(25, 92)","(90, 73)","(25, 95)","(21, 76)","(13, 93)","(41, 48)","(91, 67)","(84, 89)","(77, 77)","(56, 76)","(69, 9)","(54, 21)","(56, 79)","(0, 56)","(53, 95)","(14, 27)","(89, 97)","(61, 29)","(30, 29)","(86, 55)","(48, 16)","(18, 12)","(21, 75)","(79, 92)","(92, 65)","(14, 11)","(59, 65)","(96, 4)","(21, 35)","(3, 81)","(92, 83)","(47, 29)","(2, 12)","(5, 35)","(6, 61)","(8, 92)","(27, 41)"
"(90, 6)","(98, 15)","(71, 72)","(53, 5)","(0, 36)","(6, 82)","(39, 30)","(20, 84)","(17, 67)","(14, 25)","(87, 31)","(82, 47)","(0, 66)","(22, 29)","(22, 35)","(36, 78)","(9, 81)","(87, 49)","(24, 17)","(63, 12)","(18, 13)","(58, 55)","(37, 11)","(71, 95)","(48, 99)","(92, 8)","(92, 78)","(18, 49)","(56, 94)","(11, 65)","(57, 65)","(19, 81)","(82, 3)","(62, 6)","(93, 39)","(37, 47)","(94, 41)","(69, 71)","(38, 30)","(20, 21)","(76, 47)","(60, 63)","(54, 87)","(58, 20)","(48, 72)","(83, 71)","(59, 78)","(36, 75)","(10, 92)","(39, 58)","(54, 53)","(79, 27)","(34, 59)"
"(30, 15)","(42, 24)","(42, 70)","(0, 62)","(31, 74)","(22, 11)","(26, 97)","(7, 96)","(0, 100)","(0, 46)","(30, 28)","(4, 97)","(19, 88)","(15, 69)","(21, 0)","(27, 26)","(33, 81)","(3, 16)","(7, 16)","(43, 33)","(0, 43)","(48, 23)","(49, 22)","(31, 77)","(32, 42)","(0, 87)","(31, 74)","(20, 86)","(41, 5)","(0, 93)","(0, 99)","(44, 74)","(0, 2)","(5, 36)","(44, 37)","(55, 55)","(34, 11)","(0, 12)","(33, 43)","(5, 17)","(27, 5)","(39, 98)","(0, 76)","(3, 66)","(8, 13)","(4, 100)","(2, 68)","(13, 65)","(2, 38)","(12, 66)","(11, 65)","(1, 95)","(2, 14)"
"(18, 27)","(70, 95)","(65, 5)","(58, 56)","(2, 94)","(71, 81)","(45, 77)","(91, 62)","(77, 81)","(89, 22)","(61, 82)","(58, 86)","(27, 22)","(15, 2)","(38, 62)","(92, 97)","(70, 48)","(45, 61)","(11, 93)","(8, 39)","(39, 84)","(23, 6)","(86, 22)","(61, 63)","(100, 21)","(51, 64)","(45, 97)","(48, 1)","(54, 68)","(88, 77)","(17, 90)","(3, 42)","(84, 61)","(97, 58)","(66, 22)","(49, 76)","(3, 48)","(51, 42)","(12, 78)","(100, 20)","(4, 68)","(96, 59)","(33, 55)","(56, 32)","(52, 10)","(2, 64)","(14, 29)","(18, 51)","(14, 99)","(9, 88)","(4, 52)","(65, 34)","(20, 66)"
"(67, 99)","(82, 30)","(18, 24)","(0, 97)","(37, 61)","(31, 75)","(72, 76)","(76, 40)","(41, 46)","(95, 96)","(39, 39)","(62, 93)","(69, 16)","(26, 51)","(43, 70)","(9, 72)","(27, 83)","(55, 44)","(50, 88)","(22, 47)","(16, 71)","(76, 27)","(85, 94)","(35, 23)","(39, 11)","(30, 91)","(42, 47)","(95, 25)","(55, 71)","(13, 44)","(52, 2)","(85, 63)","(58, 76)","(47, 79)","(65, 66)","(30, 78)","(79, 77)","(42, 92)","(100, 51)","(8, 35)","(87, 57)","(57, 25)","(84, 15)","(93, 48)","(79, 86)","(22, 73)","(92, 7)","(26, 95)","(38, 51)","(24, 64)","(62, 100)","(17, 86)","(86, 2)"
"(8, 71)","(49, 71)","(91, 82)","(27, 100)","(67, 13)","(71, 29)","(27, 100)","(0, 96)","(49, 100)","(31, 90)","(19, 70)","(83, 18)","(92, 98)","(15, 60)","(19, 73)","(70, 30)","(60, 89)","(46, 11)","(10, 76)","(24, 77)","(60, 78)","(42, 93)","(75, 93)","(49, 80)","(20, 4)","(71, 100)","(20, 80)","(50, 2)","(29, 79)","(28, 95)","(17, 69)","(61, 69)","(32, 84)","(75, 86)","(0, 100)","(76, 90)","(43, 96)","(35, 100)","(74, 100)","(55, 73)","(32, 100)","(45, 23)","(5, 84)","(61, 19)","(87, 99)","(80, 26)","(24, 0)","(35, 9)","(8, 77)","(99, 18)","(33, 82)","(10, 86)","(15, 15)"
"(51, 24)","(22, 62)","(17, 66)","(99, 94)","(0, 41)","(4, 0)","(0, 2)","(38, 5)","(13, 34)","(22, 23)","(0, 0)","(8, 73)","(51, 17)","(0, 0)","(96, 24)","(0, 41)","(36, 27)","(68, 0)","(13, 26)","(6, 14)","(49, 28)","(36, 10)","(68, 0)","(0, 17)","(60, 0)","(4, 78)","(25, 0)","(18, 40)","(18, 46)","(16, 59)","(7, 9)","(95, 15)","(35, 22)","(13, 14)","(87, 14)","(40, 21)","(16, 0)","(1, 65)","(0, 15)","(68, 0)","(2, 52)","(0, 69)","(31, 39)","(32, 4)","(39, 46)","(50, 13)","(45, 0)","(27, 23)","(25, 47)","(23, 47)","(16, 5)","(96, 25)","(0, 0)"
"(26, 80)","(11, 49)","(97, 36)","(77, 57)","(43, 46)","(31, 20)","(23, 19)","(44, 57)","(91, 22)","(20, 63)","(58, 98)","(92, 42)","(97, 50)","(13, 20)","(40, 77)","(62, 16)","(18, 19)","(82, 28)","(26, 90)","(80, 73)","(32, 54)","(57, 50)","(97, 92)","(56, 39)","(95, 43)","(96, 14)","(47, 33)","(86, 49)","(60, 30)","(10, 17)","(58, 97)","(13, 80)","(39, 22)","(32, 93)","(73, 82)","(74, 41)","(32, 41)","(82, 97)","(51, 63)","(74, 62)","(19, 65)","(61, 74)","(57, 55)","(23, 35)","(42, 76)","(5, 87)","(80, 29)","(90, 3)","(4, 37)","(26, 73)","(89, 50)","(54, 4)","(38, 72)"
"(3, 18)","(66, 24)","(61, 43)","(53, 66)","(25, 84)","(24, 27)","(34, 68)","(79, 39)","(21, 25)","(3, 13)","(52, 3)","(54, 95)","(9, 8)","(23, 34)","(50, 79)","(75, 78)","(34, 98)","(47, 34)","(79, 69)","(18, 7)","(19, 91)","(83, 51)","(85, 100)","(38, 22)","(69, 61)","(17, 51)","(6, 81)","(18, 95)","(46, 53)","(22, 40)","(71, 61)","(85, 78)","(12, 45)","(40, 55)","(15, 65)","(4, 47)","(24, 28)","(46, 28)","(23, 60)","(7, 82)","(15, 37)","(2, 43)","(44, 52)","(67, 17)","(4, 19)","(11, 0)","(7, 42)","(71, 100)","(32, 10)","(28, 92)","(93, 93)","(11, 30)","(69, 47)"
"(32, 20)","(3, 38)","(25, 88)","(32, 31)","(71, 84)","(7, 17)","(22, 66)","(30, 43)","(97, 81)","(93, 62)","(15, 33)","(59, 64)","(2, 39)","(38, 38)","(92, 67)","(14, 74)","(77, 26)","(52, 67)","(23, 95)","(16, 59)","(19, 82)","(23, 49)","(44, 81)","(83, 39)","(14, 49)","(13, 17)","(41, 54)","(54, 94)","(77, 25)","(16, 46)","(65, 11)","(23, 42)","(88, 13)","(51, 27)","(40, 9)","(76, 26)","(66, 86)","(34, 57)","(45, 60)","(66, 49)","(73, 88)","(36, 69)","(26, 46)","(29, 100)","(14, 20)","(41, 74)","(49, 57)","(95, 48)","(70, 37)","(100, 38)","(78, 93)","(60, 29)","(36, 96)"
"(11, 63)","(64, 72)","(97, 25)","(78, 62)","(42, 48)","(19, 52)","(54, 13)","(28, 55)","(34, 65)","(0, 38)","(28, 73)","(64, 96)","(61, 18)","(9, 14)","(25, 7)","(2, 8)","(85, 91)","(32, 21)","(19, 27)","(58, 43)","(72, 72)","(11, 52)","(60, 49)","(89, 6)","(68, 99)","(68, 47)","(94, 11)","(8, 69)","(74, 20)","(16, 61)","(98, 69)","(51, 82)","(90, 13)","(36, 97)","(0, 38)","(52, 32)","(24, 80)","(60, 97)","(40, 67)","(75, 95)","(30, 41)","(82, 88)","(80, 8)","(45, 75)","(67, 20)","(35, 52)","(36, 87)","(99, 70)","(11, 6)","(70, 31)","(35, 82)","(48, 18)","(66, 94)"
"(64, 15)","(98, 75)","(5, 13)","(80, 1)","(56, 62)","(7, 26)","(82, 96)","(99, 45)","(20, 81)","(51, 4)","(19, 64)","(39, 36)","(33, 11)","(76, 89)","(92, 27)","(80, 37)","(61, 27)","(82, 68)","(80, 40)","(41, 91)","(66, 90)","(11, 35)","(4, 60)","(9, 50)","(7, 31)","(3, 76)","(10, 63)","(9, 65)","(19, 69)","(56, 33)","(25, 64)","(39, 56)","(19, 26)","(37, 44)","(33, 25)","(71, 76)","(91, 45)","(16, 21)","(54, 60)","(11, 40)","(66, 34)","(87, 5)","(73, 85)","(76, 56)","(78, 96)","(3, 90)","(22, 97)","(25, 5)","(7, 54)","(76, 16)","(75, 85)","(27, 93)","(26, 18)"
"(47, 8)","(23, 65)","(2, 98)","(0, 70)","(0, 0)","(30, 25)","(0, 0)","(6, 79)","(11, 59)","(0, 0)","(82, 99)","(36, 10)","(0, 38)","(21, 55)","(0, 60)","(65, 0)","(28, 17)","(0, 5)","(16, 4)","(36, 31)","(0, 0)","(0, 25)","(37, 19)","(3, 52)","(0, 20)","(30, 51)","(28, 51)","(32, 45)","(11, 0)","(28, 8)","(11, 62)","(0, 66)","(37, 26)","(18, 0)","(1, 35)","(17, 4)","(6, 44)","(1, 0)","(0, 70)","(1, 84)","(20, 70)","(0, 43)","(0, 4)","(0, 40)","(0, 72)","(16, 36)","(19, 31)","(21, 32)","(0, 19)","(17, 77)","(0, 17)","(94, 92)","(19, 61)"
"(90, 51)","(0, 3)","(44, 28)","(80, 4)","(91, 10)","(99, 0)","(100, 33)","(100, 5)","(16, 0)","(95, 36)","(94, 18)","(67, 40)","(95, 0)","(29, 4)","(91, 46)","(81, 25)","(66, 26)","(100, 36)","(73, 10)","(33, 0)","(79, 0)","(100, 0)","(68, 0)","(61, 11)","(100, 40)","(35, 9)","(39, 2)","(0, 1)","(82, 0)","(51, 0)","(26, 1)","(25, 0)","(74, 12)","(92, 32)","(68, 7)","(100, 42)","(86, 0)","(48, 22)","(100, 0)","(57, 29)","(92, 0)","(95, 48)","(36, 0)","(37, 10)","(77, 31)","(69, 9)","(73, 30)","(57, 0)","(100, 0)","(51, 23)","(100, 0)","(92, 40)","(78, 0)"
"(43, 5)","(60, 99)","(54, 61)","(65, 31)","(3, 1)","(8, 52)","(37, 85)","(63, 89)","(22, 81)","(28, 100)","(70, 88)","(93, 80)","(50, 50)","(26, 2)","(4, 36)","(23, 43)","(59, 100)","(25, 11)","(82, 76)","(7, 52)","(19, 33)","(84, 19)","(95, 80)","(25, 67)","(85, 0)","(60, 61)","(45, 79)","(37, 44)","(30, 75)","(22, 74)","(19, 14)","(2, 38)","(35, 76)","(14, 45)","(98, 32)","(82, 15)","(86, 6)","(23, 2)","(30, 96)","(84, 76)","(97, 25)","(80, 5)","(91, 72)","(17, 65)","(18, 100)","(98, 65)","(52, 77)","(86, 11)","(28, 37)","(33, 78)","(70, 0)","(94, 95)","(40, 61)"
"(76, 66)","(41, 72)","(79, 45)","(79, 30)","(83, 52)","(72, 21)","(73, 87)","(43, 58)","(65, 55)","(98, 61)","(66, 60)","(78, 40)","(38, 67)","(16, 68)","(50, 25)","(73, 7)","(91, 52)","(51, 46)","(33, 38)","(99, 44)","(16, 92)","(30, 54)","(47, 12)","(6, 44)","(68, 65)","(86, 40)","(69, 94)","(100, 36)","(20, 58)","(65, 84)","(90, 25)","(35, 89)","(34, 60)","(23, 11)","(20, 12)","(35, 59)","(5, 60)","(23, 23)","(94, 7)","(38, 65)","(12, 87)","(60, 5)","(45, 32)","(7, 39)","(66, 70)","(19, 74)","(56, 38)","(85, 19)","(48, 0)","(31, 48)","(33, 21)","(25, 17)","(68, 34)"
"(80, 74)","(13, 55)","(71, 89)","(18, 17)","(98, 40)","(86, 20)","(93, 1)","(15, 36)","(87, 28)","(76, 0)","(77, 32)","(59, 27)","(64, 53)","(92, 54)","(43, 39)","(45, 70)","(83, 54)","(23, 67)","(8, 2)","(4, 11)","(90, 56)","(58, 21)","(87, 97)","(74, 72)","(79, 59)","(84, 49)","(0, 10)","(24, 65)","(30, 87)","(72, 1)","(48, 62)","(3, 100)","(37, 41)","(93, 42)","(43, 99)","(33, 40)","(83, 56)","(10, 44)","(68, 95)","(90, 95)","(85, 71)","(45, 93)","(33, 6)","(91, 26)","(49, 51)","(54, 1)","(91, 41)","(2, 18)","(42, 88)","(88, 79)","(25, 81)","(97, 2)","(66, 27)"
"(33, 96)","(11, 26)","(36, 21)","(62, 17)","(38, 32)","(80, 22)","(29, 38)","(3, 25)","(84, 99)","(88, 2)","(26, 57)","(38, 1)","(27, 37)","(89, 58)","(44, 96)","(86, 13)","(50, 54)","(53, 10)","(25, 40)","(4, 69)","(65, 51)","(55, 19)","(99, 1)","(73, 43)","(33, 10)","(79, 71)","(42, 86)","(11, 83)","(83, 99)","(100, 48)","(46, 83)","(57, 22)","(54, 66)","(60, 54)","(35, 95)","(31, 76)","(62, 79)","(58, 60)","(32, 44)","(83, 1)","(75, 58)","(62, 97)","(0, 0)","(33, 58)","(46, 55)","(35, 6)","(51, 78)","(20, 48)","(41, 22)","(61, 37)","(66, 85)","(13, 21)","(82, 78)"
"(58, 33)","(54, 42)","(100, 89)","(69, 50)","(18, 78)","(49, 26)","(84, 17)","(33, 54)","(24, 63)","(41, 12)","(19, 15)","(68, 72)","(65, 79)","(50, 30)","(61, 88)","(39, 57)","(57, 8)","(84, 0)","(68, 87)","(32, 39)","(79, 29)","(62, 25)","(67, 9)","(80, 12)","(96, 2)","(96, 0)","(89, 24)","(58, 15)","(74, 14)","(70, 96)","(70, 35)","(17, 29)","(100, 0)","(96, 87)","(100, 0)","(99, 0)","(80, 0)","(97, 0)","(60, 45)","(71, 30)","(84, 24)","(57, 43)","(53, 91)","(36, 20)","(49, 39)","(97, 30)","(31, 97)","(53, 97)","(68, 61)","(57, 73)","(9, 27)","(52, 86)","(44, 27)"
"(87, 46)","(0, 19)","(63, 44)","(79, 77)","(96, 43)","(58, 4)","(64, 17)","(78, 9)","(74, 18)","(100, 39)","(43, 0)","(55, 5)","(94, 88)","(96, 10)","(94, 20)","(64, 15)","(55, 4)","(46, 29)","(64, 12)","(52, 26)","(29, 31)","(5, 9)","(37, 8)","(61, 14)","(89, 94)","(73, 49)","(35, 0)","(42, 28)","(88, 31)","(63, 25)","(28, 0)","(93, 33)","(15, 25)","(31, 0)","(95, 0)","(32, 0)","(34, 0)","(90, 37)","(26, 0)","(72, 28)","(84, 19)","(87, 65)","(77, 12)","(74, 27)","(95, 97)","(42, 6)","(43, 0)","(77, 97)","(32, 16)","(33, 18)","(56, 41)","(61, 88)","(18, 8)"
"(96, 56)","(2, 90)","(4, 3)","(86, 5)","(41, 98)","(7, 23)","(89, 71)","(55, 20)","(100, 86)","(64, 41)","(44, 66)","(47, 83)","(74, 73)","(37, 24)","(36, 37)","(22, 44)","(18, 59)","(88, 17)","(46, 17)","(67, 52)","(1, 94)","(73, 19)","(54, 76)","(85, 54)","(71, 40)","(83, 5)","(40, 95)","(80, 18)","(76, 63)","(21, 97)","(71, 46)","(67, 97)","(28, 35)","(85, 26)","(66, 83)","(55, 58)","(56, 57)","(58, 63)","(20, 76)","(56, 14)","(80, 20)","(50, 71)","(55, 30)","(97, 33)","(56, 96)","(54, 59)","(34, 93)","(4, 34)","(90, 9)","(43, 80)","(25, 72)","(28, 95)","(63, 1)"
"(99, 5)","(94, 89)","(1, 54)","(25, 38)","(29, 96)","(47, 10)","(85, 0)","(38, 41)","(49, 47)","(67, 28)","(21, 34)","(36, 28)","(41, 76)","(24, 69)","(73, 65)","(9, 29)","(43, 30)","(71, 74)","(35, 84)","(78, 70)","(59, 60)","(77, 16)","(25, 46)","(75, 4)","(95, 98)","(82, 98)","(43, 63)","(30, 14)","(34, 33)","(72, 53)","(72, 56)","(94, 29)","(17, 93)","(13, 74)","(23, 48)","(41, 96)","(50, 38)","(8, 38)","(90, 83)","(63, 90)","(62, 88)","(84, 33)","(0, 61)","(59, 25)","(87, 62)","(58, 87)","(9, 76)","(42, 21)","(69, 96)","(78, 41)","(67, 50)","(95, 72)","(32, 92)"
"(66, 10)","(91, 28)","(97, 87)","(84, 20)","(39, 85)","(10, 52)","(94, 64)","(94, 27)","(57, 60)","(81, 60)","(51, 80)","(7, 68)","(76, 94)","(29, 77)","(2, 38)","(67, 47)","(51, 3)","(75, 59)","(36, 18)","(0, 59)","(52, 60)","(72, 41)","(54, 30)","(53, 37)","(93, 73)","(3, 30)","(83, 78)","(16, 0)","(65, 69)","(98, 81)","(66, 19)","(60, 42)","(27, 48)","(29, 21)","(27, 57)","(77, 73)","(51, 54)","(33, 52)","(41, 68)","(9, 67)","(14, 23)","(29, 39)","(69, 84)","(100, 90)","(56, 93)","(29, 54)","(19, 83)","(41, 83)","(41, 28)","(32, 25)","(30, 92)","(68, 21)","(57, 85)"
